5,Maryann,Beavers,28920.130859,4
6,Ad,Belderfield,42643.921875,2
10,Kerwin,Custed,16182.610352,3
3,Buddy,Enticott,20534.669922,3
1,Cathi,Giacomoni,11967.070313,2
2,Ardelis,Hedges,37430.230469,4
9,Kayla,Loughhead,18914.669922,4
7,Simonette,Oldacre,16441.619141,4
4,Valene,Tarborn,31178.949219,3
8,Damian,Volleth,19323.609375,3
